CODON,Amino acid,Preferred Codon,Total num,Frequency in 1000,Fraction,RSCU,full-name,3-letter,1-letter
TGA,Stop,False,9773,0.8420040160825955,0.4924666162761401,1.4773998488284203,Stop,Stop,*
TAA,Stop,False,5636,0.485576039562213,0.2840010078105316,0.8520030234315948,Stop,Stop,*
TAG,Stop,False,4436,0.3821886642118483,0.2235323759133283,0.6705971277399849,Stop,Stop,*
GCC,Ala,True,323249,27.84988807885837,0.3975938884126084,1.5903755536504336,Alanine,Ala,A
GCT,Ala,False,213559,18.399420410373786,0.2626759965707805,1.0507039862831222,Alanine,Ala,A
GCA,Ala,False,187108,16.12050418921337,0.2301414614526459,0.9205658458105836,Alanine,Ala,A
GCG,Ala,True,89097,7.676254151326205,0.1095886535639651,0.4383546142558606,Alanine,Ala,A
TGC,Cys,True,142859,12.308180879314795,0.5344579250795931,1.0689158501591862,Cysteine,Cys,C
TGT,Cys,False,124438,10.721098511540571,0.4655420749204069,0.9310841498408138,Cysteine,Cys,C
GAC,Asp,True,287974,24.81073002428828,0.5294544839467041,1.0589089678934085,Aspartate,Asp,D
GAT,Asp,False,255933,22.05020094628741,0.4705455160532958,0.9410910321065916,Aspartate,Asp,D
GAG,Glu,True,464765,40.04236125392689,0.5683710930716608,1.1367421861433216,Glutamate,Glu,E
GAA,Glu,False,352949,30.408725618779904,0.4316289069283393,0.8632578138566785,Glutamate,Glu,E
TTC,Phe,True,222373,19.158800682322216,0.530621838312494,1.061243676624988,Phenylalanine,Phe,F
TTT,Phe,False,196707,16.947517035870163,0.4693781616875059,0.938756323375012,Phenylalanine,Phe,F
GGC,Gly,True,258040,22.231731946173436,0.3365434778072244,1.3461739112288975,Glycine,Gly,G
GGA,Gly,False,193721,16.690254783540006,0.2526567162621815,1.010626865048726,Glycine,Gly,G
GGG,Gly,True,191094,16.463922587668833,0.2492305043717785,0.9969220174871142,Glycine,Gly,G
GGT,Gly,False,123881,10.67310953814878,0.1615693015588155,0.6462772062352622,Glycine,Gly,G
CAC,His,True,174799,15.060008186557006,0.5742015169781323,1.1484030339562643,Histidine,His,H
CAT,His,False,129622,11.167731973054147,0.4257984830218677,0.8515969660437355,Histidine,His,H
ATC,Ile,True,224965,19.382117413079,0.4543352344330629,1.363005703299189,Isoleucine,Ile,I
ATT,Ile,False,182397,15.714622584817064,0.3683656735709438,1.1050970207128317,Isoleucine,Ile,I
ATA,Ile,False,87790,7.5636480683404335,0.1772990919959931,0.5318972759879795,Isoleucine,Ile,I
AAG,Lys,True,365013,31.44811336563557,0.5552457445352074,1.1104914890704147,Lysine,Lys,K
AAA,Lys,False,292377,25.19007553567799,0.4447542554647926,0.8895085109295852,Lysine,Lys,K
CTG,Leu,True,449485,38.72589534113224,0.3907365825968202,2.344419495580922,Leucine,Leu,L
CTC,Leu,True,220601,19.006131991388177,0.1917680920552213,1.150608552331328,Leucine,Leu,L
CTT,Leu,False,155373,13.386338891926853,0.1350654972864851,0.8103929837189107,Leucine,Leu,L
TTG,Leu,False,150213,12.94177317792028,0.1305799176426714,0.7834795058560285,Leucine,Leu,L
TTA,Leu,False,91638,7.895176918630602,0.0796607649999608,0.4779645899997652,Leucine,Leu,L
CTA,Leu,False,83043,7.154664842683616,0.072189145418841,0.433134872513046,Leucine,Leu,L
ATG,Met,False,244092,21.030026020017694,1.0,1.0,Methionine,Met,M
AAC,Asn,True,212987,18.350139094790112,0.5184461245612413,1.0368922491224826,Asparagine,Asn,N
AAT,Asn,False,197831,17.044356544115008,0.4815538754387587,0.9631077508775177,Asparagine,Asn,N
CCC,Pro,True,237781,20.4862945818209,0.3214351373711047,1.285740549484419,Proline,Pro,P
CCT,Pro,False,211342,18.208412234413988,0.2856945878866857,1.142778351546743,Proline,Pro,P
CCA,Pro,False,204198,17.592912726494813,0.2760372451159043,1.104148980463617,Proline,Pro,P
CCG,Pro,True,86427,7.446217241171644,0.1168330296263051,0.4673321185052207,Proline,Pro,P
CAG,Gln,True,401364,34.579975433436495,0.7297965150636311,1.4595930301272622,Glutamine,Gln,Q
CAA,Gln,False,148603,12.803061782658544,0.2702034849363689,0.5404069698727378,Glutamine,Gln,Q
AGA,Arg,False,142934,12.314642590274197,0.2171886158848824,1.3031316953092948,Arginine,Arg,R
AGG,Arg,False,140481,12.103301563828824,0.2134612754706659,1.280767652823996,Arginine,Arg,R
CGG,Arg,True,132275,11.39630422872458,0.2009922353405965,1.2059534120435793,Arginine,Arg,R
CGC,Arg,True,119972,10.336325162944965,0.1822977921624044,1.0937867529744267,Arginine,Arg,R
CGA,Arg,False,70319,6.058414039385248,0.1068499187065992,0.6410995122395952,Arginine,Arg,R
CGT,Arg,False,52129,4.49123374136597,0.0792101624348513,0.4752609746091079,Arginine,Arg,R
AGC,Ser,True,231063,19.907497592151103,0.238122130560465,1.42873278336279,Serine,Ser,S
TCC,Ser,True,206550,17.79555198218153,0.2128602418702433,1.2771614512214602,Serine,Ser,S
TCT,Ser,False,182288,15.705231564889406,0.1878570213993847,1.1271421283963086,Serine,Ser,S
TCA,Ser,False,150051,12.927815882247984,0.1546351592973705,0.9278109557842232,Serine,Ser,S
AGT,Ser,False,147388,12.6983820651163,0.1518908028505031,0.911344817103019,Serine,Ser,S
TCG,Ser,True,53015,4.567568086832988,0.0546346440220331,0.327807864132199,Serine,Ser,S
ACC,Thr,True,213847,18.42423338045787,0.3464214494340704,1.3856857977362818,Threonine,Thr,T
ACA,Thr,False,177798,15.318390468786792,0.2880238715833229,1.1520954863332915,Threonine,Thr,T
ACT,Thr,False,156904,13.518243951644692,0.2541766361090097,1.0167065444360388,Threonine,Thr,T
ACG,Thr,True,68754,5.923579670699147,0.1113780428735969,0.4455121714943877,Threonine,Thr,T
GTG,Val,True,314223,27.07224270393138,0.4580583653673747,1.8322334614694988,Valine,Val,V
GTC,Val,True,161378,13.903706549409302,0.2352486701681805,0.9409946806727222,Valine,Val,V
GTT,Val,False,127368,10.973536019687714,0.1856706157095813,0.7426824628383254,Valine,Val,V
GTA,Val,False,83020,7.152683251322733,0.1210223487548634,0.4840893950194536,Valine,Val,V
TGG,Trp,False,142049,12.2383944009533,1.0,1.0,Tryptophan,Trp,W
TAC,Tyr,True,166083,14.309071216928857,0.5468887374171433,1.0937774748342866,Tyrosine,Tyr,Y
TAT,Tyr,False,137604,11.855430331426325,0.4531112625828566,0.9062225251657132,Tyrosine,Tyr,Y
